{"cameraMode":{"drawMode":0,"name":"Shaded","section":"Shading Mode"},"sceneLighting":true,"audioPlay":false,"sceneViewState":{"showFog":true,"showMaterialUpdate":false,"showSkybox":true,"showFlares":true,"showImageEffects":true,"showParticleSystems":true},"in2DMode":false,"pivot":{"x":49.20969009399414,"y":5.988272666931152,"z":99.6031723022461},"rotation":{"x":0.10636498779058457,"y":-0.5283213257789612,"z":0.06692296266555786,"w":0.8396937847137451},"size":358.837890625,"orthographic":true}